{
  "metadata": {
    "schemaVersion": "1.0",
    "importType": "LEX",
    "importFormat": "JSON"
  },
  "resource": {
    "description": "",
    "name": "ariskLevel",
    "version": "1",
    "enumerationValues": [
      {
        "value": "High"
      },
      {
        "value": "Very_Low",
        "synonyms": [
          "Minimal"
        ]
      },
      {
        "value": "Low"
      },
      {
        "value": "Medium",
        "synonyms": [
          "Average"
        ]
      },
      {
        "value": "Very_High",
        "synonyms": [
          "Maximum"
        ]
      },
      {
        "value": "None"
      }
    ],
    "valueSelectionStrategy": "TOP_RESOLUTION"
  }
}